ref,date,account,amount
TXN00001,2026-09-01,FX Revaluation,58048.41
TXN00002,2026-09-24,Cash & Bank,20588.97
TXN00003,2026-09-03,Fees & Commissions,80796.16
TXN00004,2026-09-07,Receivables,3181.75
TXN00005,2026-09-07,FX Revaluation,2888.24
TXN00006,2026-09-08,Trading Revenue,49544.73
TXN00007,2026-09-01,Receivables,73348.74
TXN00008,2026-09-05,Receivables,31122.55
TXN00010,2026-09-20,Payables,76774.49
TXN00011,2026-09-18,Cash & Bank,66175.86
TXN00012,2026-09-18,Payables,34568.09
TXN00013,2026-09-28,Payables,56166.78
TXN00014,2026-09-02,FX Revaluation,63911.47
TXN00015,2026-09-03,Receivables,26544.92
TXN00016,2026-09-15,FX Revaluation,34711.36
TXN00017,2026-09-12,Receivables,15138.87
TXN00018,2026-09-22,FX Revaluation,63663.83
TXN00019,2026-09-18,FX Revaluation,57648.05
TXN00020,2026-09-09,FX Revaluation,42103.42
TXN00021,2026-09-11,Cash & Bank,20265.37
TXN00022,2026-09-11,Trading Revenue,3389.02
TXN00023,2026-09-19,FX Revaluation,19488.46
TXN00024,2026-09-13,FX Revaluation,59489.48
TXN00025,2026-09-08,FX Revaluation,24339.21
TXN00026,2026-09-19,Trading Revenue,24146.74
TXN00027,2026-09-08,Receivables,36446.05
TXN00028,2026-09-02,Cash & Bank,8681.85
TXN00029,2026-09-22,Trading Revenue,14898.38
TXN00030,2026-09-20,Trading Revenue,35129.06
TXN00031,2026-09-28,Cash & Bank,87897.05
TXN00032,2026-09-18,Payables,10809.66
TXN00033,2026-09-10,Trading Revenue,31115.79
TXN00034,2026-09-24,FX Revaluation,792.08
TXN00035,2026-09-06,Fees & Commissions,45552.75
TXN00036,2026-09-10,FX Revaluation,78846.67
TXN00037,2026-09-12,Receivables,18402.0
TXN00038,2026-09-17,Cash & Bank,70576.38
TXN00039,2026-09-04,Payables,44474.51
TXN00040,2026-09-10,Receivables,75349.9
TXN00041,2026-09-03,Cash & Bank,79520.86
TXN00042,2026-09-25,Fees & Commissions,73942.09
TXN00043,2026-09-16,Fees & Commissions,12055.23
TXN00044,2026-09-20,Trading Revenue,47990.64
TXN00045,2026-09-25,FX Revaluation,84102.21
TXN00046,2026-09-13,FX Revaluation,64665.41
TXN00047,2026-09-17,Trading Revenue,39929.01
TXN00048,2026-09-11,Cash & Bank,20722.76
TXN00049,2026-09-08,Cash & Bank,21210.33
TXN00050,2026-09-08,Cash & Bank,57299.27
TXN00051,2026-09-03,Fees & Commissions,77867.19
TXN00052,2026-09-07,Fees & Commissions,60708.0
TXN00053,2026-09-19,Fees & Commissions,84696.28
TXN00054,2026-09-26,Trading Revenue,71115.75
TXN00055,2026-09-14,Payables,9223.77
TXN00056,2026-09-24,Cash & Bank,42532.22
TXN00057,2026-09-04,Cash & Bank,89074.87
TXN00058,2026-09-28,Cash & Bank,31037.23
TXN00059,2026-09-15,Receivables,17618.8
TXN00060,2026-09-08,Cash & Bank,25569.06
TXN00061,2026-09-18,Cash & Bank,78021.42
TXN00062,2026-09-27,Cash & Bank,90435.42
TXN00063,2026-09-28,Receivables,83873.03
TXN00064,2026-09-07,Trading Revenue,44207.7
TXN00065,2026-09-01,Trading Revenue,15317.34
TXN00066,2026-09-15,Payables,71066.35
TXN00067,2026-09-26,Fees & Commissions,86658.59
TXN00068,2026-09-07,Payables,44300.43
TXN00069,2026-09-24,Fees & Commissions,5763.5
TXN00070,2026-09-02,Fees & Commissions,28724.43
TXN00071,2026-09-17,Receivables,83244.84
TXN00072,2026-09-28,Receivables,46204.56
TXN00073,2026-09-28,Receivables,6616.48
TXN00074,2026-09-19,Receivables,85243.65
TXN00075,2026-09-03,Trading Revenue,4076.75
TXN00076,2026-09-11,Payables,51370.42
TXN00077,2026-09-08,Payables,64957.26
TXN00078,2026-09-10,Trading Revenue,60952.12
TXN00079,2026-09-03,Cash & Bank,68167.8
TXN00080,2026-09-04,Cash & Bank,90360.9
TXN00081,2026-09-05,Payables,46029.62
TXN00082,2026-09-12,Payables,79634.32
TXN00083,2026-09-23,Payables,75537.05
TXN00084,2026-09-21,Fees & Commissions,89350.98
TXN00085,2026-09-05,Payables,85003.7
TXN00085,2026-09-05,Payables,85003.7
TXN00086,2026-09-18,Receivables,10133.24
TXN00087,2026-09-23,Payables,54934.68
TXN00088,2026-09-09,Fees & Commissions,57581.42
TXN00090,2026-09-09,Cash & Bank,38621.82
TXN00091,2026-09-15,Fees & Commissions,15042.38
TXN00092,2026-09-04,Cash & Bank,50981.62
TXN00093,2026-09-05,Fees & Commissions,62691.77
TXN00094,2026-09-10,Payables,11970.1
TXN00095,2026-09-28,Cash & Bank,72151.01
TXN00096,2026-09-08,FX Revaluation,19406.89
TXN00096,2026-09-08,FX Revaluation,19406.89
TXN00097,2026-09-28,Trading Revenue,70710.46
TXN00098,2026-09-08,Receivables,67952.99
TXN00099,2026-09-14,Cash & Bank,73469.45
TXN00100,2026-09-26,Trading Revenue,83703.86
TXN00101,2026-09-26,Receivables,78265.76
TXN00102,2026-09-04,Trading Revenue,71363.71
TXN00103,2026-09-08,Receivables,77773.39
TXN00104,2026-09-10,Receivables,41927.29
TXN00105,2026-09-13,Payables,59902.99
TXN00106,2026-09-25,Payables,6747.87
TXN00107,2026-09-22,Fees & Commissions,46346.51
TXN00108,2026-09-09,Receivables,2984.05
TXN00109,2026-09-02,Cash & Bank,89019.55
TXN00110,2026-09-26,Payables,31611.84
TXN00111,2026-09-04,Trading Revenue,89081.23
TXN00112,2026-09-02,FX Revaluation,17607.09
TXN00113,2026-09-26,Fees & Commissions,47292.83
TXN00114,2026-09-24,FX Revaluation,85123.68
TXN00115,2026-09-22,Payables,39316.77
TXN00116,2026-09-04,FX Revaluation,60204.87
TXN00117,2026-09-22,Trading Revenue,46141.03
TXN00118,2026-09-18,Receivables,63248.76
TXN00119,2026-09-13,FX Revaluation,60343.65
TXN00120,2026-09-19,Payables,16162.46
TXN00121,2026-09-10,Payables,75535.27
TXN00122,2026-09-20,FX Revaluation,71218.29
TXN00123,2026-09-22,Receivables,40260.74
TXN00124,2026-09-26,FX Revaluation,71936.19
TXN00125,2026-09-17,FX Revaluation,8131.6
TXN00126,2026-09-27,Receivables,30666.94
TXN00127,2026-09-07,Receivables,20717.66
TXN00128,2026-09-21,Fees & Commissions,41487.46
TXN00129,2026-09-16,Trading Revenue,63171.88
TXN00130,2026-09-01,Cash & Bank,59545.22
TXN00131,2026-09-26,FX Revaluation,20195.7
TXN00132,2026-09-08,Cash & Bank,5019.65
TXN00133,2026-09-22,Fees & Commissions,72627.49
TXN00134,2026-09-25,Trading Revenue,54090.71
TXN00135,2026-09-17,Trading Revenue,65234.66
TXN00136,2026-09-06,FX Revaluation,49808.48
TXN00137,2026-09-25,Receivables,41006.28
TXN00138,2026-09-25,Fees & Commissions,25458.02
TXN00139,2026-09-15,Cash & Bank,22032.13
TXN00140,2026-09-11,Payables,21604.42
TXN00141,2026-09-05,Receivables,7751.99
TXN00142,2026-09-07,Cash & Bank,14252.47
TXN00143,2026-09-15,Trading Revenue,30279.33
TXN00144,2026-09-13,Fees & Commissions,75460.21
TXN00145,2026-09-25,Fees & Commissions,2257.88
TXN00146,2026-09-12,Payables,1030.65
TXN00147,2026-09-27,Trading Revenue,77310.32
TXN00148,2026-09-26,Fees & Commissions,66617.07
TXN00149,2026-09-09,Trading Revenue,44440.65
TXN00150,2026-09-22,FX Revaluation,35497.15
TXN00151,2026-09-27,Trading Revenue,65676.32
TXN00152,2026-09-18,Cash & Bank,88764.98
TXN00154,2026-09-28,Trading Revenue,39075.15
TXN00155,2026-09-11,Receivables,23914.07
TXN00156,2026-09-13,Payables,30875.05
TXN00157,2026-09-09,Cash & Bank,75373.19
TXN00158,2026-09-02,Payables,67912.18
TXN00159,2026-09-21,Cash & Bank,6675.65
TXN00160,2026-09-07,Cash & Bank,85965.06
TXN00161,2026-09-16,FX Revaluation,21969.04
TXN00161,2026-09-16,FX Revaluation,21969.04
TXN00162,2026-09-15,FX Revaluation,85798.13
TXN00163,2026-09-20,Fees & Commissions,33700.57
TXN00164,2026-09-25,Receivables,65152.15
TXN00165,2026-09-01,Payables,10228.89
TXN00166,2026-09-13,Trading Revenue,82222.35
TXN00167,2026-09-19,FX Revaluation,18349.68
TXN00168,2026-09-23,Payables,22356.44
TXN00169,2026-09-04,Fees & Commissions,54537.05
TXN00170,2026-09-14,FX Revaluation,31748.34
TXN00171,2026-09-11,Cash & Bank,46036.47
TXN00172,2026-09-04,Trading Revenue,74509.78
TXN00173,2026-09-27,Trading Revenue,57702.66
TXN00174,2026-09-24,Fees & Commissions,39693.84
TXN00175,2026-09-26,Fees & Commissions,24807.42
TXN00176,2026-09-27,FX Revaluation,42338.64
TXN00177,2026-09-08,Cash & Bank,29507.41
TXN00178,2026-09-25,Trading Revenue,41072.18
TXN00179,2026-09-11,Cash & Bank,60636.96
TXN00180,2026-09-16,Receivables,29751.28
TXN00181,2026-09-09,Fees & Commissions,23751.72
TXN00182,2026-09-01,Fees & Commissions,25364.17
TXN00183,2026-09-24,Trading Revenue,8205.17
TXN00184,2026-09-23,Trading Revenue,68734.82
TXN00186,2026-09-23,Receivables,20443.68
TXN00187,2026-09-16,Fees & Commissions,52840.0
TXN00188,2026-09-24,Fees & Commissions,38795.34
TXN00189,2026-09-09,Payables,63756.94
TXN00190,2026-09-07,Payables,11359.03
TXN00190,2026-09-07,Payables,11359.03
TXN00191,2026-09-25,FX Revaluation,48727.76
TXN00192,2026-09-16,Payables,19974.62
TXN00193,2026-09-17,Fees & Commissions,88394.63
TXN00194,2026-09-07,Payables,9547.35
TXN00195,2026-09-01,FX Revaluation,16649.74
TXN00196,2026-09-02,Fees & Commissions,25188.02
TXN00197,2026-09-21,Trading Revenue,85468.07
TXN00197,2026-09-21,Trading Revenue,85468.07
TXN00198,2026-09-10,Trading Revenue,1603.89
TXN00199,2026-09-02,Payables,31163.53
TXN00200,2026-09-27,Cash & Bank,43495.63
TXN00201,2026-09-21,FX Revaluation,7167.4
TXN00203,2026-09-18,Trading Revenue,22837.19
TXN00204,2026-09-08,Fees & Commissions,71666.67
TXN00205,2026-09-10,Fees & Commissions,82265.39
TXN00206,2026-09-20,Cash & Bank,27984.22
TXN00207,2026-09-25,Receivables,67108.04
TXN00208,2026-09-03,Receivables,24318.15
TXN00209,2026-09-06,Cash & Bank,50179.3
TXN00210,2026-09-16,Payables,62543.4
TXN00211,2026-09-08,Payables,6906.18
TXN00212,2026-09-22,Receivables,56755.22
TXN00213,2026-09-21,Receivables,49510.61
TXN00214,2026-09-03,Cash & Bank,74896.8
TXN00215,2026-09-24,Fees & Commissions,28185.06
TXN00216,2026-09-15,FX Revaluation,40023.81
TXN00217,2026-09-09,Fees & Commissions,36725.77
TXN00218,2026-09-20,Cash & Bank,39898.3
TXN00219,2026-09-20,Payables,66608.05
TXN00220,2026-09-22,Payables,90461.52
TXN00221,2026-09-06,Trading Revenue,69179.81
TXN00222,2026-09-09,Receivables,40300.65
TXN00223,2026-09-27,Trading Revenue,39729.65
TXN00224,2026-09-14,Payables,42800.94
TXN00225,2026-09-06,Payables,9913.99
TXN00226,2026-09-22,Trading Revenue,45092.21
TXN00227,2026-09-15,Cash & Bank,50008.69
TXN00228,2026-09-25,Trading Revenue,29594.64
TXN00229,2026-09-01,FX Revaluation,74743.45
TXN00230,2026-09-02,Receivables,42077.87
TXN00231,2026-09-16,FX Revaluation,56537.05
TXN00232,2026-09-09,Fees & Commissions,5145.06
TXN00233,2026-09-23,Trading Revenue,26422.62
TXN00234,2026-09-20,Receivables,88083.21
TXN00235,2026-09-01,Fees & Commissions,28467.51
TXN00236,2026-09-27,Cash & Bank,20723.06
TXN00237,2026-09-27,Receivables,11071.95
TXN00238,2026-09-17,FX Revaluation,64994.3
TXN00239,2026-09-16,Receivables,75625.16
TXN00240,2026-09-07,Fees & Commissions,13517.78
TXN00241,2026-09-28,Cash & Bank,79639.36
TXN00242,2026-09-14,Payables,71600.56
TXN00243,2026-09-27,Cash & Bank,46196.39
TXN00244,2026-09-19,Fees & Commissions,27370.03
TXN00245,2026-09-05,Trading Revenue,44567.63
TXN00246,2026-09-18,Fees & Commissions,31561.15
TXN00247,2026-09-28,Receivables,84456.7
TXN00248,2026-09-13,Receivables,21992.5
TXN00249,2026-09-11,FX Revaluation,37469.76
TXN00250,2026-09-13,Trading Revenue,82708.72
TXN00251,2026-09-21,Receivables,71815.43
TXN00252,2026-09-17,Fees & Commissions,3831.77
TXN00254,2026-09-01,FX Revaluation,82439.75
TXN00255,2026-09-05,Cash & Bank,78883.97
TXN00256,2026-09-11,Fees & Commissions,87728.33
TXN00257,2026-09-28,Payables,58985.3
TXN00258,2026-09-13,Payables,77840.8
TXN00259,2026-09-16,Fees & Commissions,80369.48
TXN00260,2026-09-24,Cash & Bank,90268.33
TXN00261,2026-09-21,FX Revaluation,9359.88
TXN00262,2026-09-23,Payables,40431.07
TXN00263,2026-09-26,Cash & Bank,4639.19
TXN00264,2026-09-05,Receivables,34235.7
TXN00265,2026-09-26,Receivables,51433.53
TXN00266,2026-09-28,Trading Revenue,7607.15
TXN00267,2026-09-19,Receivables,22174.68
TXN00268,2026-09-15,Payables,57911.42
TXN00269,2026-09-15,Payables,81401.77
TXN00270,2026-09-15,Payables,14717.81
TXN00271,2026-09-14,FX Revaluation,27423.88
TXN00272,2026-09-07,Trading Revenue,76577.35
TXN00273,2026-09-13,Fees & Commissions,10098.79
TXN00274,2026-09-23,Payables,27128.52
TXN00275,2026-09-22,FX Revaluation,51433.61
TXN00276,2026-09-24,Trading Revenue,82455.53
TXN00277,2026-09-25,Receivables,81764.14
TXN00278,2026-09-21,Receivables,32208.89
TXN00279,2026-09-24,FX Revaluation,61498.8
TXN00280,2026-09-04,FX Revaluation,12810.13
TXN00281,2026-09-15,Cash & Bank,28303.96
TXN00282,2026-09-03,Payables,66412.38
TXN00283,2026-09-07,Receivables,37895.28
TXN00284,2026-09-12,Fees & Commissions,79381.45
TXN00285,2026-09-06,Payables,25027.46
TXN00286,2026-09-26,Payables,85476.9
TXN00287,2026-09-04,Trading Revenue,30984.37
TXN00288,2026-09-08,FX Revaluation,13168.13
TXN00289,2026-09-28,Fees & Commissions,88694.8
TXN00290,2026-09-01,Payables,71661.38
TXN00291,2026-09-22,FX Revaluation,41430.74
TXN00292,2026-09-27,FX Revaluation,53110.41
TXN00293,2026-09-08,Trading Revenue,10251.15
TXN00294,2026-09-21,Trading Revenue,58788.71
TXN00295,2026-09-14,Cash & Bank,27697.12
TXN00296,2026-09-10,Trading Revenue,85663.54
TXN00296,2026-09-10,Trading Revenue,85663.54
TXN00297,2026-09-18,Receivables,21632.0
TXN00298,2026-09-24,FX Revaluation,33891.04
TXN00299,2026-09-24,FX Revaluation,38221.41
TXN00300,2026-09-04,Trading Revenue,37839.61
TXN00301,2026-09-09,Cash & Bank,85014.78
TXN00302,2026-09-15,Receivables,20054.27
TXN00303,2026-09-22,Payables,9441.92
TXN00304,2026-09-12,Cash & Bank,88505.83
TXN00306,2026-09-21,Fees & Commissions,19589.52
TXN00307,2026-09-11,Receivables,5052.07
TXN00308,2026-09-07,Cash & Bank,71328.03
TXN00309,2026-09-19,Receivables,50378.7
TXN00310,2026-09-25,Receivables,21469.88
TXN00311,2026-09-09,Receivables,54138.35
TXN00312,2026-09-26,Receivables,49119.39
TXN00312,2026-09-26,Receivables,49119.39
TXN00313,2026-09-05,Cash & Bank,78480.31
TXN00314,2026-09-19,Payables,71458.84
TXN00315,2026-09-24,Cash & Bank,47847.7
TXN00316,2026-09-17,Fees & Commissions,70521.53
TXN00316,2026-09-17,Fees & Commissions,70521.53
TXN00317,2026-09-20,Cash & Bank,45845.48
TXN00318,2026-09-22,Fees & Commissions,82287.65
TXN00319,2026-09-01,Cash & Bank,58400.66
TXN00320,2026-09-14,FX Revaluation,76756.87
TXN00320,2026-09-14,FX Revaluation,76756.87
TXN00321,2026-09-15,Cash & Bank,64616.12
TXN00322,2026-09-05,Cash & Bank,29490.06
TXN00323,2026-09-19,Fees & Commissions,56688.57
TXN00324,2026-09-20,Fees & Commissions,34781.4
TXN00325,2026-09-14,Cash & Bank,45999.6
TXN00326,2026-09-21,FX Revaluation,10797.27
TXN00327,2026-09-28,Receivables,50120.17
TXN00328,2026-09-14,Payables,80428.19
TXN00329,2026-09-24,Cash & Bank,36385.72
TXN00330,2026-09-09,Payables,28627.12
TXN00332,2026-09-14,Cash & Bank,8182.79
TXN00333,2026-09-05,Fees & Commissions,34038.22
TXN00334,2026-09-18,Payables,86596.22
TXN00335,2026-09-28,FX Revaluation,37472.78
TXN00336,2026-09-24,Cash & Bank,38564.32
TXN00337,2026-09-12,Cash & Bank,54536.91
TXN00338,2026-09-22,Trading Revenue,19646.49
TXN00339,2026-09-28,Fees & Commissions,10239.65
TXN00340,2026-09-19,Receivables,69134.51
TXN00341,2026-09-25,Fees & Commissions,76563.96
TXN00342,2026-09-01,Fees & Commissions,58342.92
TXN00343,2026-09-09,Cash & Bank,75151.47
TXN00344,2026-09-10,Payables,63742.89
TXN00345,2026-09-05,Fees & Commissions,16826.5
TXN00346,2026-09-24,FX Revaluation,6762.69
TXN00347,2026-09-17,Receivables,8758.19
TXN00348,2026-09-06,Payables,41328.12
TXN00350,2026-09-06,Fees & Commissions,5234.79
TXN00351,2026-09-15,Trading Revenue,44209.55
TXN00352,2026-09-04,Payables,68444.88
TXN00353,2026-09-22,Fees & Commissions,25992.18
TXN00354,2026-09-02,Receivables,60541.93
TXN00355,2026-09-01,Receivables,54439.25
TXN00356,2026-09-05,Payables,19511.06
TXN00357,2026-09-16,FX Revaluation,11298.59
TXN00358,2026-09-18,FX Revaluation,12126.71
TXN00359,2026-09-22,Payables,50785.12
TXN00360,2026-09-02,Trading Revenue,78058.79
TXN00361,2026-09-23,FX Revaluation,52105.97
TXN00362,2026-09-01,Payables,10865.6
TXN00363,2026-09-15,FX Revaluation,85785.29
TXN00364,2026-09-28,Cash & Bank,8431.69
TXN00365,2026-09-17,Cash & Bank,53498.42
TXN00366,2026-09-11,Receivables,28424.71
TXN00367,2026-09-17,FX Revaluation,15631.94
TXN00367,2026-09-17,FX Revaluation,15631.94
TXN00368,2026-09-25,Payables,46395.69
TXN00369,2026-09-21,Receivables,86740.1
TXN00370,2026-09-07,Receivables,13679.98
TXN00371,2026-09-21,Cash & Bank,68919.38
TXN00372,2026-09-16,Trading Revenue,70056.33
TXN00373,2026-09-15,FX Revaluation,68888.94
TXN00374,2026-09-21,Fees & Commissions,51304.26
TXN00375,2026-09-11,Receivables,87887.58
TXN00376,2026-09-21,Payables,42702.9
TXN00377,2026-09-12,Fees & Commissions,53727.78
TXN00378,2026-09-02,Cash & Bank,42056.82
TXN00379,2026-09-21,Cash & Bank,26336.93
TXN00380,2026-09-15,Fees & Commissions,46136.1
TXN00381,2026-09-02,Trading Revenue,71763.6
TXN00382,2026-09-07,Payables,51949.1
TXN00383,2026-09-02,Trading Revenue,45623.06
TXN00383,2026-09-02,Trading Revenue,45623.06
TXN00385,2026-09-02,Receivables,58651.44
TXN00386,2026-09-17,Fees & Commissions,89688.74
TXN00387,2026-09-10,Trading Revenue,33250.82
TXN00388,2026-09-20,Cash & Bank,30953.04
TXN00390,2026-09-10,Payables,61554.14
TXN00391,2026-09-20,Receivables,59590.77
TXN00392,2026-09-05,Payables,52946.56
TXN00393,2026-09-22,Trading Revenue,59544.92
TXN00394,2026-09-03,Payables,64295.06
TXN00395,2026-09-11,Receivables,58414.39
TXN00396,2026-09-24,FX Revaluation,75106.31
TXN00397,2026-09-22,Trading Revenue,8910.77
TXN00398,2026-09-10,Receivables,2140.75
TXN00399,2026-09-25,Trading Revenue,31255.91
TXN00400,2026-09-05,Cash & Bank,90497.9
TXN00401,2026-09-17,Fees & Commissions,71430.82
TXN00402,2026-09-02,FX Revaluation,80031.39
TXN00403,2026-09-05,Fees & Commissions,69467.68
TXN00404,2026-09-27,FX Revaluation,15102.25
TXN00405,2026-09-06,FX Revaluation,73313.93
TXN00406,2026-09-22,FX Revaluation,37477.28
TXN00407,2026-09-10,FX Revaluation,40477.88
TXN00408,2026-09-08,Payables,21560.26
TXN00409,2026-09-27,Receivables,71093.32
TXN00410,2026-09-15,Trading Revenue,85741.72
TXN00411,2026-09-17,Fees & Commissions,70531.16
TXN00412,2026-09-07,Fees & Commissions,15085.24
TXN00413,2026-09-21,Trading Revenue,23000.29
TXN00414,2026-09-04,FX Revaluation,50408.67
TXN00415,2026-09-10,Cash & Bank,77104.94
TXN00416,2026-09-17,Receivables,25051.22
TXN00417,2026-09-08,Trading Revenue,8754.22
TXN00418,2026-09-14,Cash & Bank,84242.47
TXN00419,2026-09-13,Cash & Bank,34156.53
TXN00420,2026-09-04,FX Revaluation,3036.88
TXN00421,2026-09-05,Cash & Bank,71724.26
TXN00422,2026-09-23,Receivables,75178.54
TXN00423,2026-09-20,Cash & Bank,42719.91
TXN00424,2026-09-07,Receivables,2210.35
TXN00425,2026-09-17,Trading Revenue,65951.13
TXN00425,2026-09-17,Trading Revenue,65951.13
TXN00426,2026-09-10,Cash & Bank,26429.14
TXN00427,2026-09-27,Trading Revenue,6152.64
TXN00428,2026-09-17,Fees & Commissions,1979.18
TXN00429,2026-09-14,Cash & Bank,13421.92
TXN00430,2026-09-14,Receivables,22150.78
TXN00431,2026-09-12,Cash & Bank,8205.26
TXN00432,2026-09-26,Fees & Commissions,49467.38
TXN00433,2026-09-16,Cash & Bank,35640.84
TXN00434,2026-09-09,FX Revaluation,88793.55
TXN00435,2026-09-24,Payables,69935.12
TXN00436,2026-09-11,FX Revaluation,32206.91
TXN00437,2026-09-15,FX Revaluation,70622.83
TXN00438,2026-09-05,Cash & Bank,16905.02
TXN00439,2026-09-02,Payables,85424.46
TXN00440,2026-09-02,Payables,71699.83
TXN00441,2026-09-27,Fees & Commissions,46884.52
TXN00442,2026-09-21,Receivables,3795.87
TXN00443,2026-09-02,FX Revaluation,78092.47
TXN00444,2026-09-12,Trading Revenue,11702.75
TXN00445,2026-09-13,Payables,67397.69
TXN00446,2026-09-16,Payables,45158.29
TXN00447,2026-09-26,Cash & Bank,47234.83
TXN00448,2026-09-20,Receivables,7603.43
TXN00449,2026-09-03,Payables,29409.03
TXN00450,2026-09-20,FX Revaluation,28084.63
TXN00451,2026-09-12,Trading Revenue,62578.83
TXN00452,2026-09-26,Cash & Bank,25209.98
TXN00453,2026-09-12,Fees & Commissions,57876.13
TXN00454,2026-09-01,Receivables,61646.95
TXN00455,2026-09-15,Cash & Bank,61528.0
TXN00456,2026-09-21,Payables,21739.58
TXN00457,2026-09-02,Fees & Commissions,85952.04
TXN00458,2026-09-12,Payables,40993.03
TXN00459,2026-09-05,Fees & Commissions,7419.69
TXN00460,2026-09-09,Receivables,28794.69
TXN00461,2026-09-06,Trading Revenue,2832.2
TXN00462,2026-09-04,Payables,82718.83
TXN00463,2026-09-07,Fees & Commissions,63863.4
TXN00464,2026-09-16,Receivables,82983.1
TXN00465,2026-09-15,Receivables,77254.37
TXN00466,2026-09-03,FX Revaluation,40560.01
TXN00467,2026-09-22,Payables,89291.72
TXN00468,2026-09-10,Payables,49999.74
TXN00469,2026-09-23,FX Revaluation,64562.82
TXN00470,2026-09-08,Cash & Bank,33034.3
TXN00471,2026-09-08,Trading Revenue,71785.91
TXN00472,2026-09-03,Cash & Bank,55575.35
TXN00473,2026-09-24,Trading Revenue,90463.55
TXN00474,2026-09-27,Fees & Commissions,69724.81
TXN00475,2026-09-21,Cash & Bank,88014.18
TXN00476,2026-09-12,Receivables,61709.81
TXN00477,2026-09-21,Fees & Commissions,70723.66
TXN00478,2026-09-14,Fees & Commissions,87463.82
TXN00479,2026-09-04,Fees & Commissions,5487.16
TXN00480,2026-09-11,FX Revaluation,15319.14
TXN00481,2026-09-17,Payables,85773.48
TXN00482,2026-09-21,Fees & Commissions,23054.48
TXN00484,2026-09-19,Fees & Commissions,58188.87
TXN00485,2026-09-24,Fees & Commissions,59785.96
TXN00487,2026-09-25,Fees & Commissions,85869.22
TXN00488,2026-09-19,Trading Revenue,19472.75
TXN00489,2026-09-21,Fees & Commissions,3225.73
TXN00490,2026-09-16,Receivables,86598.52
TXN00491,2026-09-10,Trading Revenue,62149.18
TXN00492,2026-09-15,Trading Revenue,5892.17
TXN00493,2026-09-20,Receivables,18862.07
TXN00494,2026-09-24,Payables,65152.66
TXN00495,2026-09-12,Fees & Commissions,12268.95
TXN00496,2026-09-15,Cash & Bank,29220.43
TXN00497,2026-09-04,Cash & Bank,22812.7
TXN00498,2026-09-20,Trading Revenue,35073.49
TXN00499,2026-09-06,Payables,78377.68
TXN00500,2026-09-07,Receivables,65401.56
